Datetime,Water Level (m)
2026-01-11 00:00:00,-0.18638033
2026-01-11 01:00:00,-0.18207966
2026-01-11 02:00:00,-0.11512568
2026-01-11 03:00:00,-0.00037962256
2026-01-11 04:00:00,0.09729251
2026-01-11 05:00:00,0.1615699
2026-01-11 06:00:00,0.15811191
2026-01-11 07:00:00,0.09021921
2026-01-11 08:00:00,-0.0128174685
2026-01-11 09:00:00,-0.08631266
2026-01-11 10:00:00,-0.12967631
2026-01-11 11:00:00,-0.15416253
2026-01-11 12:00:00,-0.17778702
2026-01-11 13:00:00,-0.20432147
2026-01-11 14:00:00,-0.2237395
2026-01-11 15:00:00,-0.17531297
2026-01-11 16:00:00,-0.019449953
2026-01-11 17:00:00,0.12039773
2026-01-11 18:00:00,0.20604187
2026-01-11 19:00:00,0.2210394
2026-01-11 20:00:00,0.18197142
2026-01-11 21:00:00,0.0695109
2026-01-11 22:00:00,-0.050050903
2026-01-11 23:00:00,-0.10686987
2026-01-12 00:00:00,-0.124884985
2026-01-12 01:00:00,-0.14188096
2026-01-12 02:00:00,-0.16029923
2026-01-12 03:00:00,-0.1681224
2026-01-12 04:00:00,-0.13679881
2026-01-12 05:00:00,-0.05684621
2026-01-12 06:00:00,0.043302905
2026-01-12 07:00:00,0.081598334
2026-01-12 08:00:00,0.021903152
2026-01-12 09:00:00,-0.05631338
2026-01-12 10:00:00,-0.117630884
2026-01-12 11:00:00,-0.16259745
2026-01-12 12:00:00,-0.19814034
2026-01-12 13:00:00,-0.22221625
2026-01-12 14:00:00,-0.24343854
2026-01-12 15:00:00,-0.25522533
2026-01-12 16:00:00,-0.20978287
2026-01-12 17:00:00,-0.08172636
2026-01-12 18:00:00,0.06759914
2026-01-12 19:00:00,0.16439532
2026-01-12 20:00:00,0.19749169
2026-01-12 21:00:00,0.17936847
2026-01-12 22:00:00,0.09742358
2026-01-12 23:00:00,-0.031187227
2026-01-13 00:00:00,-0.10218502
2026-01-13 01:00:00,-0.12574692
2026-01-13 02:00:00,-0.13864222
2026-01-13 03:00:00,-0.15698217
2026-01-13 04:00:00,-0.17093363
2026-01-13 05:00:00,-0.16865304
2026-01-13 06:00:00,-0.13106656
2026-01-13 07:00:00,-0.061432257
2026-01-13 08:00:00,0.013828067
2026-01-13 09:00:00,0.01790043
2026-01-13 10:00:00,-0.035926804
2026-01-13 11:00:00,-0.097134
2026-01-13 12:00:00,-0.14750475
2026-01-13 13:00:00,-0.18902138
2026-01-13 14:00:00,-0.22163063
2026-01-13 15:00:00,-0.24416357
2026-01-13 16:00:00,-0.25288197
2026-01-13 17:00:00,-0.204702
2026-01-13 18:00:00,-0.07601559
2026-01-13 19:00:00,0.068873964
2026-01-13 20:00:00,0.16623871
2026-01-13 21:00:00,0.20492867
2026-01-13 22:00:00,0.19974874
2026-01-13 23:00:00,0.14310423
2026-01-14 00:00:00,0.020516593
2026-01-14 01:00:00,-0.07221949
2026-01-14 02:00:00,-0.107170515
2026-01-14 03:00:00,-0.12373522
2026-01-14 04:00:00,-0.14548047
2026-01-14 05:00:00,-0.16517372
2026-01-14 06:00:00,-0.1760349
2026-01-14 07:00:00,-0.1533106
2026-01-14 08:00:00,-0.079049364
2026-01-14 09:00:00,0.019746413
2026-01-14 10:00:00,0.07091369
2026-01-14 11:00:00,0.025251973
2026-01-14 12:00:00,-0.05307101
2026-01-14 13:00:00,-0.11941966
2026-01-14 14:00:00,-0.16794723
2026-01-14 15:00:00,-0.20527756
2026-01-14 16:00:00,-0.22705951
2026-01-14 17:00:00,-0.23351401
2026-01-14 18:00:00,-0.18419848
2026-01-14 19:00:00,-0.052499164
2026-01-14 20:00:00,0.09104033
2026-01-14 21:00:00,0.1902315
2026-01-14 22:00:00,0.23114271
2026-01-14 23:00:00,0.23275279
2026-01-15 00:00:00,0.18320517
2026-01-15 01:00:00,0.05944432
2026-01-15 02:00:00,-0.047597833
2026-01-15 03:00:00,-0.09019184
2026-01-15 04:00:00,-0.1100128
2026-01-15 05:00:00,-0.13366915
2026-01-15 06:00:00,-0.15659523
2026-01-15 07:00:00,-0.17160136
2026-01-15 08:00:00,-0.14373472
2026-01-15 09:00:00,-0.048429053
2026-01-15 10:00:00,0.06400871
2026-01-15 11:00:00,0.119152725
2026-01-15 12:00:00,0.06448277
2026-01-15 13:00:00,-0.033405572
2026-01-15 14:00:00,-0.10656752
2026-01-15 15:00:00,-0.15619455
2026-01-15 16:00:00,-0.193073
2026-01-15 17:00:00,-0.21483463
2026-01-15 18:00:00,-0.22318342
2026-01-15 19:00:00,-0.17265645
2026-01-15 20:00:00,-0.022495277
2026-01-15 21:00:00,0.12844229
2026-01-15 22:00:00,0.23037955
2026-01-15 23:00:00,0.26660532
2026-01-16 00:00:00,0.260052
2026-01-16 01:00:00,0.18669586
2026-01-16 02:00:00,0.042871773
2026-01-16 03:00:00,-0.05479789
2026-01-16 04:00:00,-0.09215803
2026-01-16 05:00:00,-0.111840844
2026-01-16 06:00:00,-0.13621481
2026-01-16 07:00:00,-0.16035567
2026-01-16 08:00:00,-0.17238814
2026-01-16 09:00:00,-0.11453453
2026-01-16 10:00:00,0.01736513
2026-01-16 11:00:00,0.13663773
2026-01-16 12:00:00,0.16778018
2026-01-16 13:00:00,0.082464024
2026-01-16 14:00:00,-0.03758681
2026-01-16 15:00:00,-0.11379389
2026-01-16 16:00:00,-0.16345845
2026-01-16 17:00:00,-0.19509757
2026-01-16 18:00:00,-0.21494637
2026-01-16 19:00:00,-0.22338293
2026-01-16 20:00:00,-0.15895201
2026-01-16 21:00:00,0.017919652
2026-01-16 22:00:00,0.1712929
2026-01-16 23:00:00,0.26989025
2026-01-17 00:00:00,0.2995642
